"","b3_BS_1a","b3_BS_2a","b3_BS_3c","b3_RT_1a","b3_RT_1b","b3_RT_2b","b3_RT_2c","b3_RT_3a","b3_RS_1a","b3_RS_2a","b3_RS_3a","b3_RZ_1a","b3_RZ_1c","b3_RZ_2a","b3_RZ_2c","b3_RZ_3b","b3_RZ_3c","b4_BS_1a","b4_BS_2b","b4_BS_3c","b4_RT_1a","b4_RT_1b","b4_RT_2b","b4_RT_2c","b4_RT_3a","b4_RT_3b","b4_RS_1c","b4_RS_2b","b4_RS_3c","b4_RZ_1a","b4_RZ_1b","b4_RZ_2b","b4_RZ_2c","b4_RZ_3a","b4_RZ_3b"
"co_bin.10",0,0,0,0,0,0,0,0,0,0,0.00350581326389621,0,0,0,0,0,0,0,0,0,0.00153796410970531,0.000976154769227339,0.00315527159111892,0.00195900223460916,0.00159489691010376,0.00092961718591246,0.00601293591205515,0.00908127996454124,0.00345596905529612,0.00490727740219864,0.00551629690401055,0.0103040258697258,0,0.00654497256713448,0
"co_bin.12",0,0,0,0.00540500168120358,0.00578769440222066,0,0.0120629359977425,0.00114876615823506,0.0342411161533214,0.0031663072925714,0.00925041836516886,0.0630371834101475,0.0723910732486779,0.0318760356927195,0.0801593029481501,0.0987040597792677,0.0669669652204023,0,0,0,0.00152673250750987,0.00189292012644423,0,0.00166870016895701,0.00099316246564436,0.000919610201568636,0.00880195679159137,0.0199049967043523,0.0292287542239584,0.0300027502828562,0.0318278175086426,0.0479639751413559,0.0859783120702182,0.0240347178730088,0.0616844887791091
"co_bin.13",0,0.030333216303803,0.00662815849846581,0,0,0.0032442666231449,0,0.00862180233137906,0,0.0376830175760876,0.0341968855276334,0,0,0.00220680241907953,0,0,0.00943974330247597,0.0400611441268988,0,0,0,0.00104007627381107,0.00929099809630463,0.000972035571036538,0.00283060997960232,0.00726726146048094,0.0131871232097051,0,0.0107887571933713,0.00429541184160984,0.00213110584102264,0.00282334221938511,0,0.00523230163599968,0.00450339032310423
"co_bin.14",0.0122702695790253,0.00876272390013172,0.0149257093267749,0.0282468994843194,0.0586949454018157,0.0324347264908074,0.0182560586446227,0.0170313529173682,0.0100595623685246,0.010753338542234,0.00773495676248982,0,0,0,0,0,0,0,0,0.0123168130967116,0.0295828738467814,0.0191880084794807,0.0281595162278333,0.0439547727876827,0.0308645454941612,0.0322648130732652,0.00658122392278131,0,0.00546742350880498,0.00125994497491056,0,0,0,0,0
"co_bin.16",0,0,0,0,0,0,0.0077447424887791,0,0.00675689315824396,0.00308442815271039,0.00434165747058597,0,0.00583245961835393,0.0189403829036871,0.00963084570294243,0.00898718623632704,0.0271003538970803,0,0,0,0.0019715865261415,0.00191708416247639,0.00676988140817562,0.0038656225326818,0.00353243687863642,0.00252236463619188,0.00591334084821141,0.0100422610773815,0.0122219024602745,0.00914715775734695,0.0195122695215447,0.0140899379188538,0.016130919681372,0.0160213581299556,0.0287625040909152
"co_bin.17",0,0,0,0,0,0,0,0,0,0.0070456283827887,0.00724712702327757,0,0,0,0,0,0,0.0325248302068752,0,0,0.00145472850786684,0.00570445290862782,0.00166764187105424,0.000952201609720164,0,0,0.0873308317990516,0.030860552162621,0,0.0283749857122285,0.0325849560568072,0.0196769330386743,0.00729518506841503,0,0
"co_bin.20",0.0246298438720429,0.0337251674955019,0.0636656516269788,0.0145547034905954,0.0154608650723796,0.0148966202453373,0.0517816993409622,0.0660816081155882,0.0302051798198315,0.0397302887899764,0.0179565035192927,0,0,0,0,0.00648182405334349,0,0.110111141931188,0,0.0250325001384467,0.00964082561459963,0.00592416994983498,0.004767470010922,0.00173456865279961,0.0270921258323091,0.0516860196221207,0.0148347150111192,0,0.00876214490356316,0.00101399847890893,0.00133864240839681,0,0,0,0
"co_bin.21",0,0.0126055534603936,0.0157741065374824,0.00183707952789818,0.00408894631418,0.00211878187607941,0,0.00506566688301541,0.00556126903930389,0.00917512480014797,0.0146274480563773,0.00430832052538546,0,0.00425834492150668,0,0,0.00388370560903607,0.0245574547696277,0.0113985517803497,0.00580841588638615,0.00455265725292961,0.00263699102884076,0.00661553004684804,0.0061754668560812,0.0039452945446757,0.00357474083466517,0.00814672720469842,0.0165157393881655,0.0125623412579218,0.00766313153960845,0.00321845397710545,0.00379633525294187,0,0.00469847336569567,0
"co_bin.22",0,0,0.00914984174120542,0.00458179273270733,0.0047602529802768,0.00662744993048959,0.00366380908251475,0.00672098776504358,0,0.00795040431215153,0.00495884706430762,0,0,0.00758510852204503,0,0.00483604665090946,0.00335394311920848,0,0.032917302406948,0,0.00394981593628071,0.00190917994419141,0.0304722005846667,0.00956711654352404,0.00614430262950149,0.00715592678919037,0.00569559532403154,0,0.00464892678004977,0.0038049195436974,0.00967790670572026,0.00702492992388319,0,0.00472007896789411,0.00434586968240873
"co_bin.24",0,0,0,0.00265403984879207,0,0.00663179412876529,0,0.00736362473170551,0.00524969163002031,0.00256409060129075,0.0099607734120197,0.0047123107304457,0.0165719836841525,0.00214703870850743,0,0,0,0,0,0,0.00150760387709284,0.00985910932723423,0,0.00126525114731441,0.00210931998988936,0.00611960582109268,0,0,0,0.00720581423072958,0.00558609407175524,0.00209899772190106,0,0,0
"co_bin.26",0,0,0,0,0,0.02757381854992,0.016510044227841,0.00196066551737249,0,0,0,0,0,0,0,0,0,0,0.157344938380768,0.0937795586465316,0,0,0.0352823214437494,0.0338141073030466,0.00555240713719876,0.0235759678932646,0,0.0127674717646956,0.00534591182691237,0,0,0.00117401068833876,0,0,0
"co_bin.27",0.0144941307774657,0.0176574744888112,0.0288612326457841,0.0186308107205217,0.00447066063603235,0.0310601384990629,0.00445162331617525,0.0482228966015397,0.0557053796953633,0.0292922181984579,0.0503796870820563,0.00357659131984321,0.00626708123571133,0.00354611558969255,0,0.00709829799892986,0.00367771758227768,0,0.0322051452933341,0.0302986967393152,0.0662381637005811,0.152278710639128,0.0455888572121435,0.058439826618545,0.060202339564003,0.0714788959069753,0.0493806956440754,0.0250975349742687,0.0302007289293077,0.0213036936341299,0.0178433370818192,0.0085995692266469,0.00545285488438043,0.00619376091471086,0
"co_bin.28",0.01510550338537,0.0206514366349934,0.00565309902562168,0.00740697019320729,0.0254638444321633,0.00639533011733365,0.0117154711720033,0.00125152669879699,0.0219789808573002,0.012527612582221,0.0154788739250955,0.0390330358177205,0.0575011866412549,0.0154442214216864,0.038939565039235,0.0182192166443427,0.0120593789354114,0,0,0.00695107569689414,0.00385041419634949,0.00082409246325737,0.00260902304660711,0.00185935861843718,0.00256080195645716,0.00129019619076742,0.0303699196187716,0.0320253652931162,0.0267516113539219,0.0111963198668012,0.00748558733326538,0.0179001023903944,0.00910146773839113,0.0138128095591793,0.0153673175159562
"co_bin.29",0,0,0,0,0,0.00426512444090646,0.00385469701458217,0.00275028455798189,0,0.0029298720108221,0.0144427622469631,0.00566638020151591,0,0.0372957454272685,0.0388139002835587,0.0276733317499783,0.0258281488332431,0,0,0,0.0197233653790777,0.00457974089058058,0.00292549385162891,0.00876735475370634,0.0100301965919114,0.00534820295972788,0.0131466640744961,0.00947431108366409,0.0167529325319256,0.0427639969115411,0.0267540294685235,0.0406268581927262,0.170871982633494,0.0755866327985419,0.0746177213747908
"co_bin.2",0.0102731828692419,0.0183711775806966,0.0125023572233214,0.0228105341174096,0.0191099951998889,0.0209833781433594,0.0073044020170195,0.0330881376199184,0.00541555126685402,0.0083808959726267,0.00553816134297683,0.00928984424837406,0,0,0,0.00408290600004503,0,0,0.00756256521179112,0.0104396472921342,0.0178928016429351,0.0373531066303746,0.0372329173968398,0.0284198736549395,0.0155722947917904,0.0142005991846309,0.00933682690621295,0,0.00313771471064775,0.0015522127720649,0.00476439405068332,0.00233760290125069,0.00336766320609815,0,0
"co_bin.32",0,0,0,0,0,0.0036461400852168,0.00722153745477149,0.00147759130527398,0.0121283010304739,0.00614902225477838,0.0053355227355884,0.0175149497914669,0.0373533232090371,0.0288456965636862,0.0300578933892273,0.0240914393249052,0.0141080396915844,0,0,0,0,0,0,0.00196037735262694,0.000922709056498933,0,0.00625091469239694,0,0.00545473336978749,0.00796770946568925,0.00191077029496513,0.00516027605387217,0,0.00592866319624757,0.00752935711492982
"co_bin.34",0.127251935084251,0,0.0274649462766121,0.00289858322912025,0.00728633470346002,0.0115394318845076,0,0.0130919912591517,0,0.00893209949473531,0.0063778503364874,0,0,0,0,0,0.0022304089575186,0.0462313009245747,0.0653994419670904,0.0117952900260708,0.0131188971464904,0.0126585926686081,0.0320766044085261,0.0180253960589113,0.0103837515931987,0.0397346326857045,0.0197987506092986,0.0294487721624951,0.0058931629631902,0.00382178227037679,0.005226929639776,0.00569794514516488,0,0.00408002338944323,0.00753589473354374
"co_bin.36",0,0.0368270788520018,0.00904574584372875,0,0.00580332196909485,0.00221883348452047,0.00260983442451343,0.00954702213899971,0,0.0440632166542645,0.0157037468348563,0,0,0.00553828274435428,0,0,0.0121964030514456,0.144009317199938,0,0.0140630869855959,0.0018490829075399,0.00543893873136264,0.00864683926452059,0.00303871641521732,0.0125020866104043,0.00491616673529083,0.0177025228258176,0.00782834208447141,0.0318527469168998,0.0101954924261885,0.0139288350859928,0.0168311428019018,0.00301270840948926,0.0247082083658941,0.00895217671666532
"co_bin.37",0,0,0.00674387183463109,0.00286161765726212,0,0.00127574275257216,0.00564082808221247,0.00132463517197943,0.0110265031961972,0.00643908216274947,0.00669104486045756,0.0352024721092994,0.0598759810397776,0.0253731974170267,0.0218795454303695,0.0162546270451181,0.0141462422583642,0,0,0,0,0,0,0.00103041560619272,0.00117615391000825,0.00250699857044822,0.00833665720903083,0.0092406689111898,0.0102810757860306,0.00786077365998298,0.0122625958234689,0.0161220108389087,0.0106155168442301,0.0135542266965798,0.0147823675514165
"co_bin.38",0,0,0,0,0,0,0.0517106284459496,0,0,0.00602376730018751,0.00504111119618542,0,0,0.0152818499196188,0,0,0.00557361038723589,0,0,0,0,0,0.00255835904356785,0.00166827675636231,0,0,0,0,0.00613189601192483,0.00538124559930361,0.00390709053492395,0,0.00435313219209149,0.00451933486027312,0.00393887704750588
"co_bin.3",0,0,0.0176071480518949,0.00449395050785606,0.00566917977105251,0.0166265216007869,0.00878546182309015,0.01673187143748,0.0108821880975192,0.0156403457273812,0.0190564001168534,0,0,0.00442636703746788,0.0093088528655248,0.017794738268799,0.016075974454572,0,0,0,0.00382999708903998,0.00422661238081538,0.00662308206334752,0.00251023581423365,0.00654887549091899,0.00639080515928059,0.00710515019608128,0.00628526953349436,0.0118599615229469,0.00179626364709932,0.0108028607890697,0.00473208383267828,0,0.00907527503239533,0.0107097216151475
"co_bin.41",0.015749059871729,0,0.00545663381429038,0.0523461600876434,0.0161679552123373,0.013669619433673,0.00221551466879605,0.0124154242577564,0.025264728077647,0.00540354221853892,0.00521295765333134,0,0,0,0,0,0,0,0,0,0.00123202402127374,0,0.00163380401720566,0.00210654148181067,0.00450073693444858,0.00633806239833399,0,0,0,0,0,0,0,0,0
"co_bin.42",0,0.00947131696410905,0,0,0,0,0.00591417751947884,0.00485271147155878,0.0126880742627113,0.0126707561520137,0.00785463482261534,0.0170375344069944,0.012344068130027,0.0199717908708611,0.0100128732349603,0.0142627464767079,0.00951708170461595,0,0,0.00768642392351772,0,0,0.00266159551275537,0.000848718481912872,0,0.00391354191770713,0.00605909994371963,0,0.00421022605405841,0.00526743802072472,0.00332475144885073,0.00402988289699502,0.00319554001317965,0.00612979901026808,0.0162745346870717
"co_bin.43",0.0143703348741194,0.0159142198477398,0.0227882645387803,0.0120988546939812,0.0167824881502188,0.02634017455001,0.00580175595684191,0.00956612355865962,0.00849855882797191,0.0148390044653101,0.00844369953598726,0,0,0,0,0,0,0,0,0.00875926080712487,0.00141147800985352,0.00142282713944518,0.00315044889016109,0.00216611598413311,0.012649343587397,0.00895291106702746,0,0,0.00680229451270832,0,0,0,0,0,0
"co_bin.46",0,0,0,0.00619242740763892,0.00400150791343043,0.00257502692678294,0,0,0.0200896382173576,0.00298226399825253,0,0.0608938003467801,0.0476722355913156,0.0530908530344539,0.0314729707487434,0.00801872954969323,0,0,0,0,0,0,0.00206237810433134,0,0.00174327370051656,0,0,0,0.00537293521899896,0.00123969327138613,0.00195347089992083,0,0,0,0.0293554180988703
"co_bin.48",0,0,0,0.00808528940896286,0.00291695348875034,0.00959635415760068,0,0.00539185025020287,0.00580018979759019,0,0.00423177546775101,0,0,0,0,0,0,0,0.0281648182070245,0.00616144249308747,0.0137778125377816,0.0177668724505753,0.0132743286686308,0.025776331366592,0.00596980473553249,0.00459581087556816,0.00501125781187001,0.00569205862899065,0.00282266277973358,0.00074169587727821,0.00110461724137771,0,0,0,0
"co_bin.49",0,0,0,0,0,0.00403347661632805,0.00215175851282175,0.00331226762602405,0,0.00743571160600246,0.00950700619878168,0,0,0.00211287551046759,0.0066297460023715,0,0.00326877917307226,0,0,0,0,0,0.00864987091398625,0.00194902606180423,0.00465066868522505,0.00326108898292706,0,0.00705424321007921,0.00616716010325761,0.00141527025988744,0.00247376848677288,0.0114946289935014,0,0.0114673170880494,0.00671838448018102
"co_bin.4",0.0853339675825353,0.0723680811684705,0.0199136999175543,0.00644969215136431,0.00830455418021951,0.00145146004400941,0.00233041407926623,0.00846157461784588,0.0354632695920006,0.034268406208752,0.068495678704551,0.0179067459638014,0.0103767739700308,0.00835697375540056,0.00842718215987234,0.00457481716661903,0.00438689307315538,0.0357380065404496,0.0107258115010244,0.0188221835502969,0.00145900181497917,0,0.00366180635865321,0.00392267913106338,0.00430735419241591,0.00286722042357988,0.0119943218568683,0.0249805320078923,0.0416358757139883,0.0012473261721054,0.00224343502896803,0.00159291488636753,0,0.00404163070561376,0
"co_bin.50",0.0226498346106222,0,0,0.01831256357931,0.00960348100401452,0.00521280590189012,0,0.00371916526069802,0.00772773920749561,0,0,0,0,0,0,0,0,0,0,0.00545467451731158,0,0.0010415693514322,0.00834041156507102,0.0135500222245224,0.00984821934993498,0.00658078918169665,0,0,0.00331671102148613,0,0,0,0,0,0
"co_bin.51",0,0,0.00654884618866688,0.00281176666252999,0,0.00126524457552691,0.00435324754013023,0.00399826309712315,0.0123625499639289,0.00968363400133946,0.0136736077354195,0,0,0.0259790600210158,0.0195133840119306,0.0163428403271443,0.0132595802994343,0,0,0,0.00286502301539893,0.00140711685531657,0.002330756327568,0.00204303017635597,0.00589208771826086,0.00132899399288574,0,0,0.00666196750093581,0.0014122145603441,0.0120695770011133,0.00252928672005109,0,0.0100887398802012,0.00520681279198841
"co_bin.52",0,0.0139439330805248,0,0,0,0,0,0,0,0,0,0,0,0,0,0,0.00585336257137273,0,0,0,0,0,0.00602320684120377,0.00615386230627028,0,0.000676453613919397,0,0.0218299343836728,0.00650903539031914,0.00549279082036121,0.00975356007676943,0.059058281552148,0.00933786204496313,0.034368762245461,0.00450463684371646
"co_bin.53",0,0.0124253747448548,0.0132160838789589,0.00221883729353841,0,0.00472295290792288,0.0120843982819767,0.00557368264264865,0.0220723560095761,0.011800960246276,0.014899405128295,0,0,0.00561088243017975,0,0,0.00925008573686291,0.0362312679402775,0,0,0.00177269207012258,0.001839953733071,0.00345090707751179,0.00315228225001869,0.00597461781610381,0.00514320148165003,0.00696753066188711,0.00770716259655012,0.0164101823270448,0.0024096620553041,0.00470692210008071,0.00674759610256462,0.0029102471876244,0.0103473324128581,0.0117036699425252
"co_bin.54",0,0.0104234729756109,0,0.0144984247045059,0.0164199136767559,0.00236112716428681,0.0187551644518929,0.00682849215124999,0.00752255975271326,0,0,0,0,0.00523938418096238,0,0.00463246405316487,0.0541023192583407,0,0,0,0.00546921820243913,0.00319932102637603,0.00651412194602315,0.00660596382841372,0.00667404186093627,0.00264292830801211,0,0,0.00505128401740929,0.00256027393469556,0.00480252466713853,0.00299104313383313,0,0.00740394305099005,0.00348677219185789
"co_bin.58",0,0,0.0159560764787354,0.00173981247906183,0,0.00467493197885066,0.0133457214884519,0.0220065935207331,0.00973550430028377,0.00575332035164204,0.0104566155924183,0.00981202263183181,0.0225012602827625,0.0172011960606214,0.00888114523995679,0.067908061463068,0.0225191778401072,0.0202444914141943,0.010608004644774,0,0.00338125909250856,0.012048012087778,0.00843693721045834,0.00412562335619439,0.00555415736550015,0.0048824925291565,0.00975758498841749,0.0173501092549845,0.0163571816136163,0.0221846943379929,0.0324736208370993,0.0287910871084839,0.0510530052520734,0.030764800206056,0.0198055480425341
"co_bin.5",0,0,0,0,0,0,0.00430274324702057,0,0,0.00267331163373758,0,0.00486127421358225,0,0.0101173254622198,0.00870697056974947,0.012358968691967,0.0166962062035963,0,0,0,0,0,0,0,0,0,0.00526998082206072,0,0.00319630401910628,0.0110857475594347,0.00668249816738776,0.0085738502161929,0,0.0125026866881888,0.00370811534774208
"co_bin.63",0,0,0,0,0.0203457210128375,0,0.00316262977581329,0.00652499627830444,0.0105827170460902,0.00325745953929223,0.00830480146406163,0.0048790108726737,0,0.00477084458722047,0,0.0105553672301129,0.00922969700656812,0,0,0,0,0,0.00545732558643349,0.0017776203347794,0.00114218619215595,0.00077930404637032,0.00668684033960811,0.00752454281142289,0.0075861021289603,0.0110224895810432,0.00962664231412483,0.0115612404083633,0.00663344843916741,0.00696301467747868,0.00420808319218093
"co_bin.65",0,0,0,0.00643971186652589,0,0.00210884677710192,0.00814806555651093,0.00203958483543195,0.0123292711566019,0.00386358400737511,0.00586132378308091,0.0169802805189951,0.0103172764727855,0.00772520852119082,0,0.00512013473904444,0.0204877506708236,0,0,0,0,0,0,0,0.00152240033294438,0.00149573072282703,0.00422690202814649,0,0.00680106257938665,0.00636687345553071,0.026321988420266,0.0033007280537805,0,0.00871721974215375,0.00234506281580731
"co_bin.66",0,0,0,0,0.00271269394131193,0.00256212008983415,0.00298900661139411,0.00972597622036456,0,0,0,0,0,0.00410417034251738,0,0,0.0111191972115863,0,0,0,0.00560839980831866,0.00800049098703334,0.00439352766386305,0.00429675832098323,0.00509896436296596,0.0041221808850455,0,0,0.00328213391685083,0.00415367508152331,0.00855155297301057,0.00661867374083745,0,0.00674571950670087,0.0031206370856733
"co_bin.68",0,0,0,0.00825702914514771,0.00541452572283059,0,0.00341766188955697,0.00160557147258487,0.00892277009639693,0.00287200154911238,0,0.00421440833512785,0,0.00814399143582484,0.010213985050657,0.00963411161660325,0.00598734921699657,0,0,0,0.004663572350379,0.00222668963147971,0.00275923987280649,0.00532232861604526,0.00358966134812484,0.00290959599291281,0.00570362867658984,0.00600587462121413,0.00705705035590152,0.00429899205176059,0.00499851956577088,0.00368610893350004,0.00701923497893432,0.00706959252520897,0.00550897614207652
"co_bin.6",0,0.0407567220205382,0.00483556990779476,0,0,0.00186078720951752,0.00456728720752789,0.0476858267541025,0.0165901190088837,0.0224809025978422,0.0152886979223607,0,0,0.0121329050491993,0,0,0,0,0,0.022773834141509,0.00159129400772265,0,0,0.000807090174533343,0.00153552468233039,0.00129804172315948,0.0120888812804509,0.0178088109661167,0.00523299801299391,0.00142434652050522,0,0,0,0,0
"co_bin.70",0,0,0.010737706703806,0.0733576232219343,0.0532146269766278,0.0445430371668325,0.0205763335379147,0.0288957315252926,0.0388493168367148,0.0162748368975132,0.00889850099884122,0,0,0,0,0,0,0,0.00844763662924028,0.00549024345019975,0.0542802766454054,0.0679947472265822,0.0587182618768701,0.0764107608432981,0.0199505214160405,0.0299022019931876,0.0165978194118928,0.0161759279793471,0.0060616076272255,0.00149613608216692,0.00129922761159161,0.00160793870567862,0,0,0
"co_bin.72",0,0,0,0,0,0.0037714493138016,0.00460157985705902,0.00157881604547619,0,0.012134926862693,0.0127356950649844,0,0,0.00590240236001915,0,0.00769463351272295,0.0195028961045086,0,0,0,0.00185678509515969,0.00174442044850589,0.00202685473885645,0.00383151524718187,0.00531186312406331,0.00318441059820462,0.00710959078524408,0.00733545850531814,0.014214939970301,0.00436562804681226,0.00562232769732734,0.00479383577912229,0,0.0051642983382512,0.00522189990274575
"co_bin.7",0,0,0,0,0,0,0,0,0,0,0,0,0,0.00924800012792209,0,0.0160032114086466,0.0177115502486604,0,0,0,0.00263117719878473,0.00220798591616804,0,0.00234890043818278,0.00173080793147421,0.00150034925085774,0,0,0.00735435693086431,0.009795707845848,0.0165612439716477,0.00545658042661153,0.0193201817895783,0.0257712902785986,0.0184339742881901
"co_bin.8",0,0.050060896578587,0.0527823273911482,0.00251063835818146,0,0.011793176387964,0,0.0449766550333473,0,0.0140685150159658,0.0192138837163087,0,0,0,0,0,0,0,0.00954068631102145,0.0602765477593538,0.0021024286510098,0.00185784581718675,0.0153316619515442,0.00334678702153897,0.0121675421620971,0.0343474180356009,0.0144959242684523,0,0.00845951374117151,0,0.00211363164077139,0,0,0,0
"co_bin.9",0,0,0,0,0,0.00176980367312498,0,0.00187860510610625,0,0.00994088118893985,0.00653735041303829,0,0,0.00200049204263539,0,0.0040871255498007,0.00223972923838511,0,0,0,0.00716850578163353,0.00830245962857597,0.00189437031174219,0.00207142800764936,0,0.00117714430232462,0.00829527593447157,0,0,0.0145216820451959,0.0104027197044582,0.00238485945190214,0.00595183342655802,0,0
"rh_bin.10",0,0,0,0.00181907977187329,0,0,0,0,0.0102444994949786,0,0.00388318277009899,0,0,0.00207030523181727,0,0.00565312568851566,0.00792543387716294,0,0,0,0,0,0,0.00202722225393285,0.000975042470561905,0.00248465058087386,0,0,0.00480723749009727,0.00294431285039922,0.0111618297485101,0.0106943079852819,0.0122066194966865,0.00699619057251648,0.00787332603253281
"rh_bin.15",0,0,0,0,0,0.00130697201389143,0.0233598962429686,0.00144068197136002,0,0.00281583410507564,0.0059864793406485,0,0,0.00627551744542969,0.00684918374801114,0.00935093354618637,0.010632646622135,0,0,0,0.00217009433349535,0.00360674806332516,0.00287818543856602,0.00552961865776166,0.00355911335218392,0.00215624391158742,0.00409865338251639,0.00663437857595176,0.00550307480107107,0.0050252281060235,0.0115302641426048,0.015130416330807,0.00721574139749261,0.00632549956126987,0.0066990840792958
"rh_bin.18",0,0,0,0,0,0,0,0,0,0,0,0,0,0,0,0,0,0,0,0,0,0,0,0,0,0,0.0118136595699798,0.00681058220967472,0.00868929228949341,0.0112125006069369,0.00537638722815264,0.0136822143597022,0.00814021876472561,0.00318928483277438,0.00590646218937391
"rh_bin.1",0,0,0,0,0,0,0.00952967776367769,0.00137448756360718,0,0.00326521290539153,0,0.0110134717771211,0,0.016902777560418,0,0.00510395023595659,0.0142795761956518,0,0,0,0,0,0,0,0,0.0010552141067612,0,0,0,0.00528196631570706,0.00523680306493322,0.0120113823274901,0,0.0145157101504347,0.00480145132721568
"rh_bin.20",0,0,0,0,0,0,0,0.00153490466055806,0,0.00274936014240959,0.00751845951990324,0,0,0.00264600713862284,0,0,0.0641329821407108,0,0,0,0,0,0.00409962070440739,0.00219638317424874,0,0,0.00508807418948424,0,0,0.00175898937355928,0.00456651178358539,0.00264410141372151,0.00390858318153461,0,0
"rh_bin.21",0,0,0,0,0,0.00236944202595101,0.0144763727008446,0,0.00835427490429173,0.00447600590123438,0.00788313521195737,0.0406692265927001,0.0187088082051662,0.0440738635731201,0.0603357232771452,0.0518214503570676,0.0341661952415012,0,0,0,0.00885564181640251,0.00143175017134029,0.00366026777973107,0.00684004502964302,0.00309861408994046,0.0128129649482106,0.0198303995166684,0.016546481085611,0.0218992205963002,0.0608864749651318,0.0569157116367513,0.0485368901548876,0.0307845911161189,0.0926964802264963,0.0556322427405014
"rh_bin.24",0,0,0,0,0,0,0,0,0,0,0,0.00398016335766141,0,0.00663831584822847,0,0.0141213840162553,0.00601788101165033,0,0,0,0,0,0,0,0,0,0,0.00496697632032312,0,0.0148228837082461,0.00118330233376954,0.00473042469420986,0.0226114044669018,0.00241571553057147,0.00697241230054001
"rh_bin.26",0,0,0,0,0,0,0,0,0,0,0.0036480605705063,0,0,0,0,0,0,0,0,0,0.00129112911819632,0.000835511015516935,0.00257693754234263,0.00168279615019994,0.0014519769795609,0.000679012092476742,0.00601573259797394,0.00899758333737073,0.00365269739146412,0.00453684279405157,0.00550082460648603,0.0101153556095875,0,0.00630565314974146,0
"rh_bin.30",0,0.0121442689285705,0.012147597209324,0,0,0,0.0033180565389899,0,0.0089142955252213,0.00978125046299561,0.0140735402949954,0.00941933281275163,0.017625683697041,0.0106693534477436,0.0158316656266607,0.0160438184923229,0.0120496248295725,0,0,0,0,0,0,0,0,0.00129938102476082,0.0237570511280997,0.00974922884498087,0.00564894413376125,0.00850761816835442,0.0186826246827134,0.00584722347571032,0,0.00412630262678921,0.00251024332534149
"rh_bin.31",0,0,0,0,0,0,0,0,0.00991527643355419,0,0.00388994430598642,0.00473033331404224,0.0106276428871598,0.00310367709385312,0,0.00827318410347628,0.00469580868311949,0,0,0,0,0,0,0,0,0,0,0.0112572392544225,0.00710753740438701,0.00585857831012099,0.00824859198207819,0.00672265727596927,0.0156649116908513,0.00485063393034647,0.00643024602337904
"rh_bin.33",0,0,0.00931089656803148,0,0,0,0,0,0,0.00253708264545223,0,0,0,0.00805677995658784,0,0,0,0,0,0,0,0,0,0,0.00105285651690655,0.00358844829419466,0,0.015967149349094,0.0142074932091775,0.00765377013882094,0.00335148032531985,0.0165651053598672,0.00606130499141668,0.0210850464273747,0.0127934229110927
"rh_bin.35",0,0.0173556254470113,0.0285589531539468,0,0,0.0111860422764546,0.00604518371567677,0.0033802238486178,0,0.010740585623305,0.0149016583886858,0,0,0.00750955052475301,0,0.0100214200448608,0.018408198144973,0.0492638322119396,0.0194296731975215,0,0.00455205805580371,0.00448038228014137,0.00814658900621018,0.00458442320331928,0.00541803236222699,0.00312063106428793,0.00459506703162369,0.00741741949513105,0.00829228951854257,0.00530683857013065,0.00766248118326219,0.0112378528855141,0,0.00478986266136721,0.00398738176573124
"rh_bin.36",0,0,0,0.00523121120155878,0.00955563639714784,0.00293720769030234,0.016414628749051,0.00343987621066783,0.0276413691194621,0.00831384458015754,0.0136255791237631,0.0943310261426988,0.052250123576088,0.0825409475937652,0.103880511014731,0.0851955081502484,0.0501694350324827,0,0,0,0.00375646344446107,0.00151168474832891,0.00656144709825487,0.0106569797839272,0.00667607563416174,0.00420599244315209,0.0156938624799048,0.0224273816456513,0.0146898579270813,0.0667853394075967,0.0296263145009038,0.0424657305324992,0.131593989297984,0.0365236551209066,0.0619797360713502
"rh_bin.3",0.0402939349656372,0.020320778850168,0.0454033676088621,0.0789822763102296,0.022018410186265,0.046849636054969,0.0228888169246991,0.0555458641307231,0.0607681158692334,0.0349575680216435,0.0684114936759314,0.187979314662408,0.254299951936863,0.0932559475692272,0.0435585343481603,0.0649628127586585,0.0454990692217397,0.0731543531596135,0,0.0231055364760294,0.0461398872051982,0.0340260153542391,0.0475155790740888,0.0331082399802636,0.0549875268733449,0.0630610360380167,0.0729958957032331,0.0366579051581267,0.0632344632089062,0.135707062601977,0.125509260660207,0.0846587014327474,0.0369989125882547,0.15291829654009,0.060818151454923
"rh_bin.42",0,0,0,0,0,0,0.00554979028955685,0,0.00792212255941146,0.00436379783743899,0.00683682038267368,0,0,0.00331490333812906,0.00645993557586756,0.00737079321569983,0.0180786778196998,0,0,0,0,0,0,0.00132960505550753,0.00218414815695947,0.00168675863104996,0.00635519205440022,0,0.0104466574308973,0.00471952014104127,0.00913741111463505,0.00453568108362983,0.00596239006701769,0.00922384234183251,0.00800947488358377
"rh_bin.8",0,0,0,0.0020518009640854,0,0.00279635807352427,0,0.00944209640483885,0,0.00388021041335809,0.0120967961383061,0,0,0.00384227181809783,0,0.00518591919208538,0.00237817209656237,0,0,0,0.0200832437685731,0.0297500268020875,0.00646828274128438,0.0162363319090956,0.0132649007145844,0.00894685830712012,0.0357245756154502,0.0068292325681833,0.00439527301153519,0.062749085609128,0.0763102522545335,0.0116448335625269,0.0114011992284712,0.0106564724080863,0
"rh_bin.9",0.0728019129957706,0.0152240334992489,0.145425792095936,0.145377457660328,0.357799920651287,0.347703720499726,0.392291484627971,0.218834683488037,0.0264851045414517,0.0497419215578125,0.0287731442931417,0.0185730232929918,0.0288572282276711,0.0105070765035768,0.0180806432544052,0.0261199267239751,0.0333161771169211,0.0658186920238214,0.0483244815554447,0.0515722417023096,0.263920340773329,0.215261364202096,0.141183056892266,0.167549666105888,0.266117837182184,0.177372434651074,0.0320565472061859,0.0839804788051839,0.0421832011646519,0.0158331777674212,0.048820418512125,0.0325591266427329,0.0236504322840851,0.0140388575134077,0.0685473807656063
"ro_bin.10",0,0,0,0.0016740182023852,0.00305998742296114,0.00548498311144566,0.0125493622697276,0.00451239140938598,0,0,0,0,0,0,0,0,0.00294847426637603,0,0,0,0.0078909398589438,0.000824540170084471,0.0163106935937608,0.0134047446154588,0.00243525128855277,0.0143115299682251,0,0,0,0,0,0,0,0,0
"ro_bin.12",0,0,0,0,0,0.00701920430187735,0,0,0,0,0,0,0,0,0,0,0,0,0.0142113149084221,0.00835349270020338,0,0,0.007698104726434,0.00825556762235096,0.00362304706166597,0.00685597142479192,0,0,0,0,0,0,0,0,0
"ro_bin.15",0.0996258869284129,0.03269611395605,0,0.037762441647065,0.0261062357472982,0.0068960207213222,0.0286954201035688,0.0112960830324543,0.0155881907828758,0.0215813761660945,0.0122251287620593,0.0716043476345505,0.0172800609897261,0.0813621794510434,0.10327636779783,0.0187492613251247,0.0175125211593594,0,0,0.122582543305627,0.0342465201152876,0.0148655474020667,0.0403119153625041,0.0224433465059752,0.0101885564320113,0.00525748919977744,0.0302836995895246,0.0153597896195276,0.0142992431287897,0.104805864754565,0.00695447139985535,0.0140024220422791,0.0161851164813065,0.00880040019510753,0.0214028772954577
"ro_bin.17",0,0.0428570117301706,0.0142187230204492,0.0431661809544501,0.00312763815272573,0.0107904648655661,0.0343743715043829,0.00677514191646088,0.00685068967581266,0.0169761446888412,0.0239426979768134,0.00927458538939241,0.102665449311959,0.0830606939276096,0.108312668876568,0.0780817514311884,0.0993877302608658,0,0,0,0.0141603613190338,0.00886380937498734,0.00657023773410268,0.0113700781999289,0.00746647412273621,0.00579584233254195,0.0320333808959683,0.0274090285761612,0.0374999851907518,0.0312762167940072,0.0649123777310293,0.0588686942476156,0.108552881262869,0.0531334362481495,0.193230231415961
"ro_bin.18",0,0,0,0.00853930600047392,0.00590462096549038,0.00289075012425971,0,0.0088203667337556,0,0,0,0,0,0,0,0,0,0,0,0.00745235772786919,0.0145183113389265,0.00826174655614995,0.0237159178714706,0.0197615102844313,0.00649165291173007,0.00660601341277907,0.0102262520069111,0.00908505621798265,0,0.0100558717709163,0.00765467960206077,0.00867072041842632,0.00691617700033156,0.00379636675853233,0
"ro_bin.20",0.0329443128247195,0,0.00770773009212404,0.0331645618347729,0.00553189473088231,0.00526329168537727,0,0.0146144238757377,0.0613226265607134,0.0111050796738195,0.017537606620202,0,0.00713714657095857,0.00175320479207847,0,0,0,0,0.0074808512648542,0.00663137974386427,0.018444912109561,0.0277107006496693,0.0197954672151859,0.0193708316084692,0.0175919936033454,0.0132827038391104,0.0240806764754996,0.0169785966650875,0.00909569774555424,0.00644980838535175,0.00425159947516326,0.00390730918290951,0,0,0
"ro_bin.22",0.0653242757507115,0.0951020756094156,0.0876555737304163,0.00359885174451276,0,0.00353033917189092,0,0.00656936930749767,0.0318817893030254,0.0771240179774295,0.0727934709858866,0,0,0,0,0,0,0.0480648848209965,0.148241138600402,0.0912899561795558,0.00148325819732111,0.0010045170049096,0.0116246269918756,0.00815751841923087,0.00471414191775038,0.00506861864629615,0.0207444815387221,0.10307043370244,0.0408815356669847,0,0,0,0,0,0
"ro_bin.24",0,0,0,0.0180960333137117,0,0.0065159933287348,0,0.00185901513568538,0.0312633095273538,0.00980862670506796,0.00601775837267131,0.0236432140729635,0.0114459157124479,0.0199252912438403,0,0.00669579774657339,0.00295053400752283,0,0,0.00599406242291981,0.00272891320861266,0.00928935223123174,0.00532534099960641,0.00761777340873127,0.0318437849021744,0.0261910504501564,0.00456967131391822,0.0114253848071945,0.0233411158075236,0.00294976207895645,0.0117053618996394,0.0238206090350548,0.013050186252054,0.00634459654334406,0.00324918066663989
"ro_bin.28",0.0679121246996736,0,0,0.0960538969542321,0.0139304734413852,0.0263162952815307,0.00654602251846086,0.0173359526391396,0.0481949073943769,0.0124769563490176,0.0175247610748222,0,0,0,0,0,0,0,0,0.0239014541604131,0.0165820713327565,0.0210185504193336,0.0062298999609863,0.0196887195105813,0.0426845315204148,0.0505701243056285,0.016799862313269,0,0.0206762540330869,0.00182629630728829,0,0,0,0,0
"ro_bin.2",0,0,0,0.00286599650621165,0,0.0150184318187696,0,0.00562477764954708,0,0,0,0,0,0,0,0,0,0,0,0,0.0837123548051873,0.102534129316661,0.00364492868606344,0.0136673686123119,0.00516193798933507,0.00866774802006662,0.0163130584410609,0,0,0.0025215183702492,0.00176513489578434,0,0,0,0
"ro_bin.30",0,0,0.00870154733450048,0.00237671195728386,0.00495553318507315,0.00402396229641367,0,0.0053557450241307,0,0.00315184137968374,0,0,0,0,0,0,0,0,0,0,0.00564760863642761,0.00542845191789171,0.0063986996389358,0.00454451189627778,0.00715407944777844,0.00734791372235962,0.00399401790498427,0,0,0,0,0,0,0,0
"ro_bin.32",0,0,0,0,0,0.00201336573111752,0,0.0127331420523227,0,0,0,0,0,0,0,0,0,0,0,0,0.00377462997494704,0.0090156575318298,0.00712291918472514,0.00405797385420877,0.00161872356813428,0.00273779538903344,0,0,0,0,0,0,0,0,0
"ro_bin.37",0,0,0,0.0609345877385985,0.0308351345150767,0.042456958683656,0.0132285828721536,0.0400916063363855,0.0290262731426139,0.00741706312042033,0.00446841177988026,0,0,0,0,0,0,0,0,0,0.056994918510994,0.0416935818458112,0.0604607974801945,0.0620001038743175,0.0305648687541983,0.0287455526303528,0.00582078441978453,0.00671860489607847,0.00395122004090544,0,0.00442557113442145,0,0,0,0
"ro_bin.38",0.017890887407143,0.0263124321842784,0.0185417470214883,0.00525993307123894,0.0136521548148183,0.00655193538353815,0.0021318339715519,0.00869690147477146,0.01111750502606,0.00746600307406196,0.0114659100656884,0,0,0,0,0,0,0,0.0473716983009031,0.0292319571969639,0.00264254109547438,0.00223644321201681,0.00771031442655322,0.0147737410522481,0.012363956566458,0.0095457995943348,0,0.00878169372086269,0.00957187061948682,0,0.00109099574713218,0.00215401749597829,0.00669049514829829,0,0
"ro_bin.3",0,0,0.00624081309134547,0.0218634999689456,0.0526435523050044,0.0147522171187815,0.0373885594961961,0.0160032156647645,0.0375620046357023,0.0103699068730682,0.0173349525300349,0.175508293899043,0.0732008846130569,0.0819114361627065,0.174585878810032,0.141187511804053,0.0959737932172636,0.0195033512225795,0,0,0.0188957449945529,0.00867642243101676,0.0172176953657596,0.0238038844200204,0.0216361355001252,0.0118836538030612,0.0194196623770264,0.0329379857949078,0.0263493560115448,0.0405037016586266,0.0445287433175358,0.0745427061774711,0.0860116636823699,0.0828110180780461,0.0674867902596466
"ro_bin.43",0.0194962064649147,0.0742242496082467,0.0452727228559996,0.001911774276789,0.0032466971153256,0.00312457820524375,0,0.00890855390209066,0.0147668512739516,0.0345131358460789,0.0288299309966059,0,0,0,0,0,0,0.0744507642155062,0.0691773030457555,0.0673352253976245,0.00408630697648464,0.00381393757156631,0.0090814668365968,0.00710468432256381,0.00741096339876895,0.00404094681932901,0.0141212237921825,0.0318406370163459,0.0284906951564441,0.000915092771021827,0,0.00157875799054812,0,0,0
"ro_bin.47",0.0200845348758641,0.0173978390956473,0.0211725232238852,0.00985903104970599,0.00790003249171677,0.00470435139169885,0,0.00489994587577078,0.0149652117510704,0.0104180917353886,0.00546302104400761,0,0,0,0,0,0,0.045447289906724,0.0303469228830623,0.0198948002389353,0.0116498531613331,0.00964895796539308,0.0121165531741503,0.0130154891195139,0.00466913218553153,0.00478631434089504,0.0115620164202592,0.0101114088749802,0.00489959494896576,0,0,0,0,0,0
"ro_bin.48",0.0173610982605625,0.00818672859884013,0.0166690430178722,0.0470446075667483,0.0695617061394687,0.0318681181388227,0.0209483258029938,0.0251945149393782,0.0253355033678094,0.0154554331819693,0.0223830526525173,0.0255730367908785,0.0386110876270469,0.018585510219438,0.0139409465797781,0.0199841686496608,0.0143162646645859,0.019303041928723,0,0.00938491233591886,0.0296595280276803,0.00650992975002672,0.0158889900054855,0.0206245383997144,0.0311183106400168,0.0135614252384232,0.0256024483293581,0.0226613427673553,0.018476825554658,0.0381474267515335,0.0235961719784534,0.0455792472962259,0.0167300063172741,0.0348491983295004,0.00973829592082558
"ro_bin.4",0.1428515653807,0.0675790593063529,0.0888266338989524,0.00194191267397765,0,0.00712943844641864,0,0.0109629523286699,0.0152497997579861,0.0703391377416464,0.0449361743391878,0,0,0,0,0,0,0.115284835456072,0.224161278671662,0.0559666404820948,0.0136331848175819,0.0195022861938669,0.0587681311453287,0.0282040636022529,0.0318635612154794,0.0219787823310884,0.0475329345114709,0.0785346500358685,0.0423249922464354,0.00477243959624323,0.0115677726010356,0.0343999060986049,0.00335675493000009,0.00697720548682164,0.00366166584565925
"ro_bin.50",0.0378550677814738,0.0319109076949397,0.0307477638398761,0.0129227660528123,0.0438126833815389,0.0108492490828865,0.00326290492527245,0.00928101287384183,0.0198351888909745,0.0196611896890094,0.0127132274887465,0,0,0,0,0,0,0,0.00692668106962342,0.027691456298408,0.00507004975612363,0.00144432554361704,0.00736704116515381,0.00790914762667972,0.0145930591643761,0.02139446183404,0.00766095688797153,0.00792462573985689,0.0131427542311576,0,0,0,0,0,0
"ro_bin.6",0,0.00909464083967232,0,0.0187175162358743,0.00307553973812081,0.00568175838966331,0.00483394123857904,0.00212389610399219,0,0.0078208219196404,0.0102993611380875,0.00477446481681166,0.00828531352092879,0.00752084447885556,0.0122397784135619,0.0106603969808297,0.00338851353220121,0,0,0,0.00770989243381366,0.00728537660097354,0.00434070312086978,0.00888476613221584,0.00211969470963158,0.00466122790465023,0.0279086049329645,0.0145294487931841,0.0142644410124525,0.0121685917294203,0.00536007750537741,0.00651498861946436,0.00470532449369737,0.0063732910574611,0.00593773032668872
"ro_bin.9",0.0234301291580143,0.12529638855462,0.0431414947847536,0.00708373209091631,0.0108016864565147,0.0261184203582978,0.0101355340284438,0.0108298305094673,0.0130851119951523,0.0727577203337065,0.0230950148117953,0,0,0,0,0,0,0,0.0100137541689827,0.103702288480776,0.00220078226980483,0,0.00399576603357579,0.00533626289882027,0.0195279298417874,0.0304571114659593,0.00510436676449815,0.00635205605241598,0.0466148981848389,0,0,0,0,0,0
